dataset,company,pan,pan_card_name,gstin,udyam,cin,signatory,aadhaar,turnover_fy2024_25_cr,experience_years,local_content_pct,epfo_code,esic_code,defect,defect_field,xdoc_dimension,xdoc_documents,xdoc_expected_verdict
d1,ABC Industrial Systems Private Limited,AAACA1111C,ABC Industrial Systems Private Limited,33AAACA1111C1ZV,UDYAM-TN-02-0012345,U29253TN2014PTC101234,Rajesh Kumar Sharma,011002203319,12.48,11,62,TNMAS0012345000,33000123450000101,none,-,-,-,CONSISTENT
d2,XYZ Electromech Private Limited,AAACX2222C,XYZ Electromech Private Limited,27AAACX2222C1ZV,UDYAM-MH-18-0023456,U31909MH2013PTC202345,Meera Iyer,012003304424,8.76,12,71,MHBAN0023456000,27000234560000101,none,-,-,-,CONSISTENT
d3,PQR Engineering Works Private Limited,AAACP3333C,PQR Engineering Works Private Limited,29AAACP3333C1ZT,UDYAM-KA-03-0034567,U28999KA2016PTC303456,Anil Prakash Deshmukh,013004405537,19.32,9,55,KABNG0034567000,29000345670000101,none,-,-,-,CONSISTENT
d4,LMN Power Solutions Private Limited,AAACL4444C,LMN Power Solutions Private Limited,24AAACL4444C1Z2,UDYAM-GJ-07-0045678,U31200GJ2015PTC404567,Sunita Rani Gupta,014005506642,14.05,10,58,GJVAD0045678000,24000456780000101,gstin_checksum,GSTIN check character (mod-36),-,-,CONSISTENT
d5,DEF Techno Equipments Private Limited,AAACD5555C,DEF Technocraft Private Limited,09AAACD5555C1ZV,UDYAM-UP-28-0056789,U29120UP2012PTC505678,Vikram Singh Rathore,015006607754,9.87,13,66,UPKAN0056789000,09000567890000101,pan_name_mismatch,PAN holder legal name,legal_name,pan|gst-certificate|incorporation|contract,POTENTIAL_INCONSISTENCY
d6,GHI Automation Private Limited,AAACG6666C,GHI Automation Private Limited,06AAACG6666C1ZS,UDYAM-HR-05-0067890,U29306HR2017PTC606789,Kavita Nair,016007708868,6.42,8,52,HRFBD0067890000,06000678900000101,aadhaar_checksum,Aadhaar check digit (Verhoeff),-,-,CONSISTENT
d7,Sterling Hydro Systems Private Limited,AAACS7777C,Sterling Hydro Systems Private Limited,32AAACS7777C1ZF,UDYAM-KL-09-0078901,U29253KL2015PTC707890,Ramesh Balachandran,017008809978,11.35,10,57,KLKOC0078901000,32000789010000101,none,-,legal_name,gst-certificate|pan|incorporation|turnover|udyam|bank-mandate,VARIATION
d8,Meridian Process Controls Private Limited,AAACM8888C,Meridian Process Controls Private Limited,27AAACM8888C1Z6,UDYAM-MH-19-0089012,U29299MH2014PTC808901,Nikhil Barve,018009910080,16.70,11,64,MHAND0089012000,27000890120000101,none,-,registered_address,gst-certificate|turnover|udyam,VARIATION
d9,Orion Thermal Engineering Private Limited,AAACO9999C,Orion Thermal Engineering Private Limited,29AAACO9999C1ZU,UDYAM-KA-04-0090123,U28129KA2016PTC909012,Deepak Ranganathan,019011021194,13.90,9,61,KABNG0090123000,29000901230000101,none,-,authorised_signatory,contract|aadhaar|gst-certificate,INCONSISTENT
d10,Vertex Fluid Systems Private Limited,AAACV1212C,Vertex Fluid Systems Private Limited,27AAACV3434C1ZP,UDYAM-MH-20-0101234,U29253KA2013PTC101201,Anand Verma,010022133225,7.85,12,53,MHPUN0101234000,27001012340000101,none,-,gstin_pan_and_state_linkage,gst-certificate|pan|incorporation,INCONSISTENT
